<?xml version="1.0" ?>
<nrml xmlns="http://openquake.org/xmlns/nrml/0.5" xmlns:gml="http://www.opengis.net/gml">
    <sourceModel name="Converted Rupture Model">
        <sourceGroup name="rupture group" tectonicRegion="Active Shallow Crust">
          <areaSource id="18" name="Background" tectonicRegion="Active Shallow Crust">
			<areaGeometry>
				<gml:Polygon>
					<gml:exterior>
						<gml:LinearRing>
							<gml:posList>
								-2.793394283 36.18799861
								-3.244419972 36.20438932
								-3.296629541 36.2516698
								-2.75918875 36.54525966
								-1.997023694 37.09139704
								-1.984660211 37.15770649
								-1.956958339 37.30582695
								-1.978284342 37.39369679
								-2.009682252 37.52270269
								-1.9308221 37.56497848
								-1.759109415 37.72693474
								-1.575266859 37.82206969
								-1.429155707 37.94228786
								-1.279464204 38.04805841
								-1.010561751 38.14441263
								-0.61987151 38.25183097
								-0.100449731 38.3751906
								0.0400792 38.37046285
								-0.047508714 38.02761168
								-1.26846587 37.78199319
								-1.434463963 37.61892655
								-1.636927938 37.4748894
								-1.780469579 37.04505671
								-2.479902839 36.36187297
							</gml:posList>
						</gml:LinearRing>
					</gml:exterior>
				</gml:Polygon>
				<upperSeismoDepth>0.0</upperSeismoDepth>
				<lowerSeismoDepth>12.0</lowerSeismoDepth>
			</areaGeometry>
			<magScaleRel>WC1994</magScaleRel>
			<ruptAspectRatio>1.0</ruptAspectRatio>
   			<incrementalMFD minMag="5.05" binWidth="0.1">
    			<occurRates>   1.5470580e-02   1.1411648e-02   8.4532800e-03   6.2852109e-03   4.6886874e-03   3.5080629e-03   2.6317155e-03   1.9790434e-03   1.4914925e-03   1.1262978e-03   8.5207785e-04   6.4570684e-04   4.9007796e-04   3.7249336e-04   2.8349850e-04   2.1603383e-04   1.6481454e-04</occurRates>
			</incrementalMFD>
			<nodalPlaneDist>
				<nodalPlane probability="0.5" strike="50.0" dip="90.0" rake="20.0" />
				<nodalPlane probability="0.5" strike="80.0" dip="60.0" rake="90.0" />
			</nodalPlaneDist>
			<hypoDepthDist>
				<hypoDepth probability="0.5" depth="5.0" />
				<hypoDepth probability="0.5" depth="8.0" />
			</hypoDepthDist>
		</areaSource>
        </sourceGroup>
    </sourceModel>
</nrml>
